Workbook

Sheet Course Performance
A1: Student ID | B1: Full Name | C1: Assessments | F1: Participation | H1: Final Grade
C2: Midterm (%) | D2: Assignment (%) | E2: Final Exam (%) | F2: In-Class (%) | G2: Online Forum (%)
A3: S001 | B3: Anna Bauer | C3: 72 | D3: 85 | E3: 68 | F3: 90 | G3: 75 | H3: =ROUND((C3*0.2+D3*0.2+E3*0.4+F3*0.1+G3*0.1),1)
A4: S002 | B4: Lukas Hofer | C4: 55 | D4: 60 | E4: 49 | F4: 70 | G4: 55 | H4: =ROUND((C4*0.2+D4*0.2+E4*0.4+F4*0.1+G4*0.1),1)
A5: S003 | B5: Maria Gruber | C5: 88 | D5: 92 | E5: 91 | F5: 95 | G5: 88 | H5: =ROUND((C5*0.2+D5*0.2+E5*0.4+F5*0.1+G5*0.1),1)
A6: S004 | B6: Felix Maier | C6: 61 | D6: 70 | E6: 58 | F6: 65 | G6: 60 | H6: =ROUND((C6*0.2+D6*0.2+E6*0.4+F6*0.1+G6*0.1),1)
A7: S005 | B7: Sophie Huber | C7: 77 | D7: 80 | E7: 74 | F7: 85 | G7: 72 | H7: =ROUND((C7*0.2+D7*0.2+E7*0.4+F7*0.1+G7*0.1),1)
A8: S006 | B8: David Steiner | C8: 44 | D8: 50 | E8: 39 | F8: 55 | G8: 40 | H8: =ROUND((C8*0.2+D8*0.2+E8*0.4+F8*0.1+G8*0.1),1)
A9: S007 | B9: Laura Müller | C9: 90 | D9: 95 | E9: 88 | F9: 98 | G9: 92 | H9: =ROUND((C9*0.2+D9*0.2+E9*0.4+F9*0.1+G9*0.1),1)
A10: S008 | B10: Thomas Berger | C10: 66 | D10: 72 | E10: 63 | F10: 78 | G10: 68 | H10: =ROUND((C10*0.2+D10*0.2+E10*0.4+F10*0.1+G10*0.1),1)
A11: S009 | B11: Emma Schwarz | C11: 83 | D11: 88 | E11: 79 | F11: 92 | G11: 85 | H11: =ROUND((C11*0.2+D11*0.2+E11*0.4+F11*0.1+G11*0.1),1)
A12: S010 | B12: Nico Wagner | C12: 58 | D12: 65 | E12: 52 | F12: 60 | G12: 58 | H12: =ROUND((C12*0.2+D12*0.2+E12*0.4+F12*0.1+G12*0.1),1)

Sheet Category Summary
A1: Category | B1: Average Score (%) | C1: Max Score (%) | D1: Min Score (%) | E1: Pass Rate (%)
A2: Midterm | B2: =ROUND(AVERAGE('Course Performance'!C3:C12),1) | C2: =MAX('Course Performance'!C3:C12) | D2: =MIN('Course Performance'!C3:C12) | E2: =ROUND(COUNTIF('Course Performance'!C3:C12,">="&50)/COUNT('Course Performance'!C3:C12)*100,1)
A3: Assignment | B3: =ROUND(AVERAGE('Course Performance'!D3:D12),1) | C3: =MAX('Course Performance'!D3:D12) | D3: =MIN('Course Performance'!D3:D12) | E3: =ROUND(COUNTIF('Course Performance'!D3:D12,">="&50)/COUNT('Course Performance'!D3:D12)*100,1)
A4: Final Exam | B4: =ROUND(AVERAGE('Course Performance'!E3:E12),1) | C4: =MAX('Course Performance'!E3:E12) | D4: =MIN('Course Performance'!E3:E12) | E4: =ROUND(COUNTIF('Course Performance'!E3:E12,">="&50)/COUNT('Course Performance'!E3:E12)*100,1)
A5: In-Class Part. | B5: =ROUND(AVERAGE('Course Performance'!F3:F12),1) | C5: =MAX('Course Performance'!F3:F12) | D5: =MIN('Course Performance'!F3:F12) | E5: =ROUND(COUNTIF('Course Performance'!F3:F12,">="&50)/COUNT('Course Performance'!F3:F12)*100,1)
A6: Online Forum | B6: =ROUND(AVERAGE('Course Performance'!G3:G12),1) | C6: =MAX('Course Performance'!G3:G12) | D6: =MIN('Course Performance'!G3:G12) | E6: =ROUND(COUNTIF('Course Performance'!G3:G12,">="&50)/COUNT('Course Performance'!G3:G12)*100,1)
A7: Final Grade | B7: =ROUND(AVERAGE('Course Performance'!H3:H12),1) | C7: =MAX('Course Performance'!H3:H12) | D7: =MIN('Course Performance'!H3:H12) | E7: =ROUND(COUNTIF('Course Performance'!H3:H12,">="&50)/COUNT('Course Performance'!H3:H12)*100,1)
